analysis,outcome,exposure,term,k,coef,se,odds_ratio,ci_low,ci_high,q,tau2,i2_pct,status
ipw_attrition,next_healthy_aging_binary,internet_use,internet_use,4,0.4112309297753465,0.027189335943106293,1.508673714015304,1.4303795538508222,1.5912534328619963,11.394474128794958,0.00197653096601202,73.67144840481313,ok
ipw_attrition,next_healthy_aging_binary,social_participation,social_participation,6,0.19394182664678966,0.07269703178538892,1.2140256569586287,1.0528024875150999,1.3999380826241554,233.4727052712409,0.03076614369680452,97.85842203944519,ok
