analysis,transition,outcome,term,k,coef,se,odds_ratio,ci_low,ci_high,q,tau2,i2_pct,status
transition,gain_healthy,next_healthy_aging_binary,both,4,0.5164141859106154,0.10460649115176072,1.6760070121484825,1.3653153986837734,2.057399709604746,21.91381172909378,0.03644526230486442,86.31000376800235,ok
transition,gain_healthy,next_healthy_aging_binary,internet_only,4,0.3623264436894395,0.038636563214583496,1.4366678565746787,1.3318897251823345,1.549688755074914,3.772741905726648,0.001370767280717081,20.482236130536847,ok
transition,gain_healthy,next_healthy_aging_binary,social_only,4,0.12548952334884184,0.07676060080837203,1.133703291484407,0.9753477018885267,1.3177691920880479,18.053133678569953,0.01783922032925816,83.38238638557714,ok
transition,maintain_healthy,next_healthy_aging_binary,both,4,0.5028911711702102,0.12108876159061645,1.6534949034752358,1.304157447876915,2.0964074546899463,49.328166987299525,0.05402721094597442,93.91828202176576,ok
transition,maintain_healthy,next_healthy_aging_binary,internet_only,4,0.43464735233912816,0.023606315435169327,1.5444183273972651,1.4745885092431208,1.6175549687586133,2.698024357787866,0.0,0.0,ok
transition,maintain_healthy,next_healthy_aging_binary,social_only,4,0.15986293508355767,0.0708383036677407,1.1733500348450818,1.0212423332014213,1.3481132337660506,22.324514284370068,0.016094749125402274,86.56185768798396,ok
