analysis,outcome,exposure,term,k,coef,se,odds_ratio,ci_low,ci_high,q,tau2,i2_pct,status
exposure_history,next_healthy_aging_binary,internet_use,adopted,4,0.21750079317437754,0.04057621459381306,1.2429664153964528,1.147942733073154,1.3458559083931696,4.848247187518592,0.0024828880648915513,38.12196688891504,ok
exposure_history,next_healthy_aging_binary,internet_use,persistent,4,0.4139346236461105,0.07141255489884737,1.5127582250344396,1.3151701067967092,1.74003152564285,33.959913002507065,0.017064313404446783,91.16605510803714,ok
exposure_history,next_healthy_aging_binary,internet_use,stopped,4,0.0825001885543906,0.08988119693817745,1.0859988782088938,0.9105859756268663,1.2952028639130502,13.46660897691335,0.022822613191488275,77.72267684356851,ok
exposure_history,next_healthy_aging_binary,social_participation,adopted,5,0.17754700154843506,0.07486714443076078,1.194284189789498,1.0312868573246914,1.3830436370354084,41.96656396392618,0.024439703830366203,90.46860256789586,ok
exposure_history,next_healthy_aging_binary,social_participation,persistent,5,0.28051007080768936,0.1247273998038829,1.3238048743795783,1.0367018410203013,1.6904178965346444,198.9950920192963,0.0754768357381931,97.98990017321024,ok
exposure_history,next_healthy_aging_binary,social_participation,stopped,5,0.1627173669867123,0.07896755131867621,1.1767040672693627,1.0079725794999186,1.3736806834717796,47.30718048013091,0.02759230441064951,91.54462396743342,ok
