analysis,definition,outcome,exposure,term,k,coef,se,odds_ratio,ci_low,ci_high,q,tau2,i2_pct,status
alternative_definition,lenient_60pct_threshold,next_healthy_lenient_binary,internet_use,internet_use,4,0.4563332537842554,0.04599116722317551,1.5782762236601804,1.442230056520239,1.727155682902025,25.16813097865642,0.006883649675103393,88.08016374936972,ok
alternative_definition,lenient_60pct_threshold,next_healthy_lenient_binary,social_participation,social_participation,6,0.2445826442106654,0.09208326899977377,1.2770882018095453,1.0661984130313418,1.5296911487273004,292.50538777318076,0.049563882716603225,98.29062977674887,ok
alternative_definition,strict_all_available_components,next_healthy_strict_binary,internet_use,internet_use,4,0.29398567964234756,0.015117316680410347,1.3417646889791595,1.3025914964186378,1.3821159477404839,2.9388577635939384,0.0,0.0,ok
alternative_definition,strict_all_available_components,next_healthy_strict_binary,social_participation,social_participation,6,0.13932118493584242,0.05029161046557944,1.149493240631971,1.04159128804314,1.2685731202120651,63.972658488189055,0.013217351495015102,92.18416098664537,ok
alternative_definition,without_cognition_component,next_healthy_no_cognition_binary,internet_use,internet_use,4,0.3964326763669235,0.02686183488495311,1.4865123571934271,1.410273250073041,1.5668729361308618,11.808529185415832,0.0019532971295700137,74.5946344977056,ok
alternative_definition,without_cognition_component,next_healthy_no_cognition_binary,social_participation,social_participation,6,0.18344761078575614,0.07282814665335831,1.2013520258743644,1.0415442247226951,1.385679701173222,242.63443048786587,0.03090304008548708,97.93928669152746,ok
