model,exposure,outcome,n,coef_log_odds,se,odds_ratio,ci_low,ci_high,p_value,status
pooled_with_cohort_fixed_effects,internet_use,healthy_aging_binary,520993,0.44816546203301544,0.010542703106040307,1.5654376947292028,1.5334218845381489,1.5981219524704875,0.0,ok
CHARLS_specific,internet_use,healthy_aging_binary,51975,0.33663052920537495,0.03977087623121253,1.4002216271583319,1.2952187655257517,1.5137370283282428,2.5781240072051657e-17,ok
ELSA_specific,internet_use,healthy_aging_binary,31212,0.6099544234087049,0.042489705853893146,1.8403475201034352,1.6932920622446155,2.000174140225545,9.863223348726818e-47,ok
HRS_specific,internet_use,healthy_aging_binary,175649,0.2973453422056291,0.017863135314929432,1.3462801465330172,1.2999601328884542,1.3942506289956242,3.2485283873524395e-62,ok
LASI_specific,internet_use,healthy_aging_binary,71608,0.23204362262556735,0.0444474612741444,1.2611747433819867,1.155954718376321,1.3759723526011096,1.783182372766455e-07,ok
SHARE_specific,internet_use,healthy_aging_binary,190549,0.5654027260943552,0.015021623037513612,1.7601565009556568,1.7090887691451537,1.8127501413551994,4.90380525230215e-310,ok
