model,exposure,outcome,model_family,include_baseline,include_work,max_interval,n,people,events,coef,se,odds_ratio,ci_low,ci_high,p_value,status
pooled_with_cohort_wave_fixed_effects,internet_use,next_healthy_aging_binary,logit,True,False,6,301492,117486,159699,0.4573626230462277,0.011867523028730762,1.579901689150295,1.5435767338453927,1.6170814787818435,0.0,ok
CHARLS_specific,internet_use,next_healthy_aging_binary,logit,True,False,6,45545,20646,18910,0.31374730501154197,0.04420117948835177,1.3685438686725782,1.2549716632113495,1.4923941116636117,1.2642337287780712e-12,ok
ELSA_specific,internet_use,next_healthy_aging_binary,logit,True,False,6,20852,8778,14329,0.40072818250689324,0.044500748345239496,1.4929114139053115,1.3682146513188007,1.628972827926134,2.1571247360123075e-19,ok
HRS_specific,internet_use,next_healthy_aging_binary,logit,True,False,6,141513,29637,74343,0.42337104821216925,0.01757299996274482,1.5271008188849484,1.4753982720377974,1.5806151838703906,3.022453987218456e-128,ok
SHARE_specific,internet_use,next_healthy_aging_binary,logit,True,False,6,93582,58425,52117,0.4767763478578969,0.01865114726473731,1.6108731285372204,1.5530490057696589,1.670850196357653,3.95242192101158e-144,ok
