exposure,k,coef,se,odds_ratio,ci_low,ci_high,q,tau2,i2_pct,status
internet_use,4,0.4142446364691942,0.028920304631429444,1.5132272721839843,1.4298375542487702,1.6014803713030619,13.571925015885597,0.002387850708902254,77.89554542565939,ok
social_participation,6,0.1916388025241482,0.07461543731932065,1.2112329436625522,1.046438553913419,1.4019793501748563,253.18064562005532,0.03249815126713503,98.02512550366768,ok
